ItemID,Description,Quantity,Sales
SALTEA,Some description,6,£13.50
SALTEA,Some description,6,£13.50
SALTEA,Some description,6,£13.50
SALTEA,Some description,6,£13.50
SALTEA,Some description,6,£13.50
SALTEA,Some description,6,£13.50
SALTEA,Some description,6,£13.50
SALTEA,Some description,6,£13.50
SALTEA,Some description,6,£13.50
SALTEA,Some description,6,£13.50
SALTEA,Some description,6,£13.50
SALTEA,Some description,6,£13.50
SALTEA,Some description,6,£13.50
SALTEA,Some description,6,£13.50
SALTEA,Some description,6,£13.50
SALTEA,Some description,6,£13.50
SALTEA,Some description,6,£13.50
SALTEA,Some description,6,£13.50
SALTEA,Some description,6,£13.50
SALTEA,Some description,6,£13.50
SALTEA,Some description,6,£13.50
SALTEA,Some description,6,£13.50
SALTEA,Some description,6,£13.50
SALTEA,Some description,6,£13.50
SALTEA,Some description,6,£13.50
SALTEA,Some description,6,£13.50
SALTEA,Some description,6,£13.50
SALTEA,Some description,6,£13.50
SALTEA,Some description,6,£13.50
SALTEA,Some description,6,£13.50
SALTEA,Some description,6,£13.50
SALTEA,Some description,6,£13.50
SALTEA,Some description,6,£13.50
SALTEA,Some description,6,£13.50
SALTEA,Some description,6,£13.50
SALTEA,Some description,6,£13.50
SALTEA,Some description,6,£13.50
SALTEA,Some description,6,£13.50
SALTEA,Some description,6,£13.50
SALTEA,Some description,6,£13.50
SALTEA,Some description,6,£13.50
SALTEA,Some description,6,£13.50
SALTEA,Some description,6,£13.50
SALTEA,Some description,6,£13.50
SALTEA,Some description,6,£13.50
SALTEA,Some description,6,£13.50
SALTEA,Some description,6,£13.50
SALTEA,Some description,6,£13.50
SALTEA,Some description,6,£13.50
SALTEA,Some description,6,£13.50
SALTEA,Some description,6,£13.50
SALTEA,Some description,6,£13.50
SALTEA,Some description,6,£13.50
SALTEA,Some description,6,£13.50
SALTEA,Some description,6,£13.50
SALTEA,Some description,6,£13.50
SALTEA,Some description,6,£13.50
SALTEA,Some description,6,£13.50
SALTEA,Some description,6,£13.50
SALTEA,Some description,6,£13.50
SALTEA,Some description,6,£13.50
SALTEA,Some description,6,£13.50
SALTEA,Some description,6,£13.50
SALTEA,Some description,6,£13.50
SALTEA,Some description,6,£13.50
SALTEA,Some description,6,£13.50
SALTEA,Some description,6,£13.50
SALTEA,Some description,6,£13.50
SALTEA,Some description,6,£13.50
SALTEA,Some description,6,£13.50
SALTEA,Some description,6,£13.50
SALTEA,Some description,6,£13.50
SALTEA,Some description,6,£13.50
SALTEA,Some description,6,£13.50
SALTEA,Some description,6,£13.50
SALTEA,Some description,6,£13.50
SALTEA,Some description,6,£13.50
SALTEA,Some description,6,£13.50
SALTEA,Some description,6,£13.50
SALTEA,Some description,6,£13.50
SALTEA,Some description,6,£13.50
SALTEA,Some description,6,£13.50
SALTEA,Some description,6,£13.50
SALTEA,Some description,6,£13.50
SALTEA,Some description,6,£13.50
SALTEA,Some description,6,£13.50
SALTEA,Some description,6,£13.50
SALTEA,Some description,6,£13.50
SALTEA,Some description,6,£13.50
SALTEA,Some description,6,£13.50
SALTEA,Some description,6,£13.50
SALTEA,Some description,6,£13.50
SALTEA,Some description,6,£13.50
SALTEA,Some description,6,£13.50
SALTEA,Some description,6,£13.50
SALTEA,Some description,6,£13.50
SALTEA,Some description,6,£13.50
SALTEA,Some description,6,£13.50
SALTEA,Some description,6,£13.50
SALTEA,Some description,6,£13.50
SALTEA,Some description,6,£13.50
SALTEA,Some description,6,£13.50
SALTEA,Some description,6,£13.50
SALTEA,Some description,6,£13.50
SALTEA,Some description,6,£13.50
SALTEA,Some description,6,£13.50
SALTEA,Some description,6,£13.50
SALTEA,Some description,6,£13.50
SALTEA,Some description,6,£13.50
SALTEA,Some description,6,£13.50
SALTEA,Some description,6,£13.50
SALTEA,Some description,6,£13.50
SALTEA,Some description,6,£13.50
SALTEA,Some description,6,£13.50
SALTEA,Some description,6,£13.50
SALTEA,Some description,6,£13.50
SALTEA,Some description,6,£13.50
SALTEA,Some description,6,£13.50
SALTEA,Some description,6,£13.50
SALTEA,Some description,6,£13.50
SALTEA,Some description,6,£13.50
SALTEA,Some description,6,£13.50
SALTEA,Some description,6,£13.50
SALTEA,Some description,6,£13.50
SALTEA,Some description,6,£13.50
SALTEA,Some description,6,£13.50
SALTEA,Some description,6,£13.50
SALTEA,Some description,6,£13.50
SALTEA,Some description,6,£13.50
SALTEA,Some description,6,£13.50
SALTEA,Some description,6,£13.50
SALTEA,Some description,6,£13.50
SALTEA,Some description,6,£13.50
SALTEA,Some description,6,£13.50
SALTEA,Some description,6,£13.50
SALTEA,Some description,6,£13.50
SALTEA,Some description,6,£13.50
SALTEA,Some description,6,£13.50
SALTEA,Some description,6,£13.50
SALTEA,Some description,6,£13.50
SALTEA,Some description,6,£13.50
SALTEA,Some description,6,£13.50
SALTEA,Some description,6,£13.50
SALTEA,Some description,6,£13.50
SALTEA,Some description,6,£13.50
SALTEA,Some description,6,£13.50
SALTEA,Some description,6,£13.50
SALTEA,Some description,6,£13.50
SALTEA,Some description,6,£13.50
SALTEA,Some description,6,£13.50
SALTEA,Some description,6,£13.50
SALTEA,Some description,6,£13.50
SALTEA,Some description,6,£13.50
SALTEA,Some description,6,£13.50
SALTEA,Some description,6,£13.50
SALTEA,Some description,6,£13.50
SALTEA,Some description,6,£13.50
SALTEA,Some description,6,£13.50
SALTEA,Some description,6,£13.50
SALTEA,Some description,6,£13.50
SALTEA,Some description,6,£13.50
SALTEA,Some description,6,£13.50
SALTEA,Some description,6,£13.50
SALTEA,Some description,6,£13.50
SALTEA,Some description,6,£13.50
SALTEA,Some description,6,£13.50
SALTEA,Some description,6,£13.50
SALTEA,Some description,6,£13.50
SALTEA,Some description,6,£13.50
SALTEA,Some description,6,£13.50
SALTEA,Some description,6,£13.50
SALTEA,Some description,6,£13.50
SALTEA,Some description,6,£13.50
SALTEA,Some description,6,£13.50
SALTEA,Some description,6,£13.50
SALTEA,Some description,6,£13.50
SALTEA,Some description,6,£13.50
SALTEA,Some description,6,£13.50
SALTEA,Some description,6,£13.50
SALTEA,Some description,6,£13.50
SALTEA,Some description,6,£13.50
SALTEA,Some description,6,£13.50
SALTEA,Some description,6,£13.50
SALTEA,Some description,6,£13.50
SALTEA,Some description,6,£13.50
SALTEA,Some description,6,£13.50
SALTEA,Some description,6,£13.50
SALTEA,Some description,6,£13.50
SALTEA,Some description,6,£13.50
SALTEA,Some description,6,£13.50
SALTEA,Some description,6,£13.50
SALTEA,Some description,6,£13.50
SALTEA,Some description,6,£13.50
SALTEA,Some description,6,£13.50
SALTEA,Some description,6,£13.50
SALTEA,Some description,6,£13.50
SALTEA,Some description,6,£13.50
SALTEA,Some description,6,£13.50
SALTEA,Some description,6,£13.50
SALTEA,Some description,6,£13.50
SALTEA,Some description,6,£13.50
SALTEA,Some description,6,£13.50
SALTEA,Some description,6,£13.50
SALTEA,Some description,6,£13.50
SALTEA,Some description,6,£13.50
SALTEA,Some description,6,£13.50
SALTEA,Some description,6,£13.50
SALTEA,Some description,6,£13.50
SALTEA,Some description,6,£13.50
SALTEA,Some description,6,£13.50
SALTEA,Some description,6,£13.50
SALTEA,Some description,6,£13.50
SALTEA,Some description,6,£13.50
SALTEA,Some description,6,£13.50
SALTEA,Some description,6,£13.50
SALTEA,Some description,6,£13.50
SALTEA,Some description,6,£13.50
SALTEA,Some description,6,£13.50
SALTEA,Some description,6,£13.50
SALTEA,Some description,6,£13.50
SALTEA,Some description,6,£13.50
SALTEA,Some description,6,£13.50
SALTEA,Some description,6,£13.50
SALTEA,Some description,6,£13.50
SALTEA,Some description,6,£13.50
SALTEA,Some description,6,£13.50
SALTEA,Some description,6,£13.50
SALTEA,Some description,6,£13.50
SALTEA,Some description,6,£13.50
SALTEA,Some description,6,£13.50
SALTEA,Some description,6,£13.50
SALTEA,Some description,6,£13.50
SALTEA,Some description,6,£13.50
SALTEA,Some description,6,£13.50
SALTEA,Some description,6,£13.50
SALTEA,Some description,6,£13.50
SALTEA,Some description,6,£13.50
SALTEA,Some description,6,£13.50
SALTEA,Some description,6,£13.50
SALTEA,Some description,6,£13.50
SALTEA,Some description,6,£13.50
SALTEA,Some description,6,£13.50
SALTEA,Some description,6,£13.50
SALTEA,Some description,6,£13.50
SALTEA,Some description,6,£13.50
SALTEA,Some description,6,£13.50
SALTEA,Some description,6,£13.50
SALTEA,Some description,6,£13.50
SALTEA,Some description,6,£13.50
SALTEA,Some description,6,£13.50
SALTEA,Some description,6,£13.50
SALTEA,Some description,6,£13.50
SALTEA,Some description,6,£13.50
SALTEA,Some description,6,£13.50
SALTEA,Some description,6,£13.50
SALTEA,Some description,6,£13.50
SALTEA,Some description,6,£13.50
SALTEA,Some description,6,£13.50
SALTEA,Some description,6,£13.50
SALTEA,Some description,6,£13.50
SALTEA,Some description,6,£13.50
SALTEA,Some description,6,£13.50
SALTEA,Some description,6,£13.50
SALTEA,Some description,6,£13.50
SALTEA,Some description,6,£13.50
SALTEA,Some description,6,£13.50
SALTEA,Some description,6,£13.50
SALTEA,Some description,6,£13.50
SALTEA,Some description,6,£13.50
SALTEA,Some description,6,£13.50
SALTEA,Some description,6,£13.50
SALTEA,Some description,6,£13.50
SALTEA,Some description,6,£13.50
SALTEA,Some description,6,£13.50
SALTEA,Some description,6,£13.50
SALTEA,Some description,6,£13.50
SALTEA,Some description,6,£13.50
SALTEA,Some description,6,£13.50
SALTEA,Some description,6,£13.50
SALTEA,Some description,6,£13.50
SALTEA,Some description,6,£13.50
SALTEA,Some description,6,£13.50
SALTEA,Some description,6,£13.50
SALTEA,Some description,6,£13.50
SALTEA,Some description,6,£13.50
SALTEA,Some description,6,£13.50
SALTEA,Some description,6,£13.50
SALTEA,Some description,6,£13.50
SALTEA,Some description,6,£13.50
SALTEA,Some description,6,£13.50
SALTEA,Some description,6,£13.50
SALTEA,Some description,6,£13.50
SALTEA,Some description,6,£13.50
SALTEA,Some description,6,£13.50
SALTEA,Some description,6,£13.50
SALTEA,Some description,6,£13.50
SALTEA,Some description,6,£13.50
SALTEA,Some description,6,£13.50
SALTEA,Some description,6,£13.50
SALTEA,Some description,6,£13.50
SALTEA,Some description,6,£13.50
SALTEA,Some description,6,£13.50
SALTEA,Some description,6,£13.50
SALTEA,Some description,6,£13.50
SALTEA,Some description,6,£13.50
SALTEA,Some description,6,£13.50
SALTEA,Some description,6,£13.50
SALTEA,Some description,6,£13.50
SALTEA,Some description,6,£13.50
SALTEA,Some description,6,£13.50
SALTEA,Some description,6,£13.50
SALTEA,Some description,6,£13.50
SALTEA,Some description,6,£13.50
SALTEA,Some description,6,£13.50
SALTEA,Some description,6,£13.50
SALTEA,Some description,6,£13.50
SALTEA,Some description,6,£13.50
SALTEA,Some description,6,£13.50
SALTEA,Some description,6,£13.50
SALTEA,Some description,6,£13.50
SALTEA,Some description,6,£13.50
SALTEA,Some description,6,£13.50
SALTEA,Some description,6,£13.50
SALTEA,Some description,6,£13.50
SALTEA,Some description,6,£13.50
SALTEA,Some description,6,£13.50
SALTEA,Some description,6,£13.50
SALTEA,Some description,6,£13.50
SALTEA,Some description,6,£13.50
SALTEA,Some description,6,£13.50
SALTEA,Some description,6,£13.50
SALTEA,Some description,6,£13.50
SALTEA,Some description,6,£13.50
SALTEA,Some description,6,£13.50
SALTEA,Some description,6,£13.50
SALTEA,Some description,6,£13.50
SALTEA,Some description,6,£13.50
SALTEA,Some description,6,£13.50
SALTEA,Some description,6,£13.50
SALTEA,Some description,6,£13.50
SALTEA,Some description,6,£13.50
SALTEA,Some description,6,£13.50
SALTEA,Some description,6,£13.50
SALTEA,Some description,6,£13.50
SALTEA,Some description,6,£13.50
SALTEA,Some description,6,£13.50
SALTEA,Some description,6,£13.50
SALTEA,Some description,6,£13.50
SALTEA,Some description,6,£13.50
SALTEA,Some description,6,£13.50
SALTEA,Some description,6,£13.50
SALTEA,Some description,6,£13.50
SALTEA,Some description,6,£13.50
SALTEA,Some description,6,£13.50
SALTEA,Some description,6,£13.50
SALTEA,Some description,6,£13.50
SALTEA,Some description,6,£13.50
SALTEA,Some description,6,£13.50
SALTEA,Some description,6,£13.50
SALTEA,Some description,6,£13.50
SALTEA,Some description,6,£13.50
SALTEA,Some description,6,£13.50
SALTEA,Some description,6,£13.50
SALTEA,Some description,6,£13.50
SALTEA,Some description,6,£13.50
SALTEA,Some description,6,£13.50
SALTEA,Some description,6,£13.50
SALTEA,Some description,6,£13.50
SALTEA,Some description,6,£13.50
SALTEA,Some description,6,£13.50
SALTEA,Some description,6,£13.50
SALTEA,Some description,6,£13.50
SALTEA,Some description,6,£13.50
SALTEA,Some description,6,£13.50
SALTEA,Some description,6,£13.50
SALTEA,Some description,6,£13.50
SALTEA,Some description,6,£13.50
SALTEA,Some description,6,£13.50
SALTEA,Some description,6,£13.50
SALTEA,Some description,6,£13.50
SALTEA,Some description,6,£13.50
SALTEA,Some description,6,£13.50
SALTEA,Some description,6,£13.50
SALTEA,Some description,6,£13.50
SALTEA,Some description,6,£13.50
SALTEA,Some description,6,£13.50
SALTEA,Some description,6,£13.50
SALTEA,Some description,6,£13.50
SALTEA,Some description,6,£13.50
SALTEA,Some description,6,£13.50
SALTEA,Some description,6,£13.50
SALTEA,Some description,6,£13.50
SALTEA,Some description,6,£13.50
SALTEA,Some description,6,£13.50
SALTEA,Some description,6,£13.50
SALTEA,Some description,6,£13.50
SALTEA,Some description,6,£13.50
SALTEA,Some description,6,£13.50
SALTEA,Some description,6,£13.50
SALTEA,Some description,6,£13.50
SALTEA,Some description,6,£13.50
SALTEA,Some description,6,£13.50
SALTEA,Some description,6,£13.50
SALTEA,Some description,6,£13.50
SALTEA,Some description,6,£13.50
SALTEA,Some description,6,£13.50
SALTEA,Some description,6,£13.50
SALTEA,Some description,6,£13.50
SALTEA,Some description,6,£13.50
SALTEA,Some description,6,£13.50
SALTEA,Some description,6,£13.50
SALTEA,Some description,6,£13.50
SALTEA,Some description,6,£13.50
SALTEA,Some description,6,£13.50
SALTEA,Some description,6,£13.50
SALTEA,Some description,6,£13.50
SALTEA,Some description,6,£13.50
SALTEA,Some description,6,£13.50
SALTEA,Some description,6,£13.50
SALTEA,Some description,6,£13.50
SALTEA,Some description,6,£13.50
SALTEA,Some description,6,£13.50
SALTEA,Some description,6,£13.50
SALTEA,Some description,6,£13.50
SALTEA,Some description,6,£13.50
SALTEA,Some description,6,£13.50
SALTEA,Some description,6,£13.50
SALTEA,Some description,6,£13.50
SALTEA,Some description,6,£13.50
SALTEA,Some description,6,£13.50
SALTEA,Some description,6,£13.50
SALTEA,Some description,6,£13.50
SALTEA,Some description,6,£13.50
SALTEA,Some description,6,£13.50
SALTEA,Some description,6,£13.50
SALTEA,Some description,6,£13.50
SALTEA,Some description,6,£13.50
SALTEA,Some description,6,£13.50
SALTEA,Some description,6,£13.50
SALTEA,Some description,6,£13.50
SALTEA,Some description,6,£13.50
SALTEA,Some description,6,£13.50
SALTEA,Some description,6,£13.50
SALTEA,Some description,6,£13.50
SALTEA,Some description,6,£13.50
SALTEA,Some description,6,£13.50
SALTEA,Some description,6,£13.50
SALTEA,Some description,6,£13.50
SALTEA,Some description,6,£13.50
SALTEA,Some description,6,£13.50
SALTEA,Some description,6,£13.50
SALTEA,Some description,6,£13.50
SALTEA,Some description,6,£13.50
SALTEA,Some description,6,£13.50
SALTEA,Some description,6,£13.50
SALTEA,Some description,6,£13.50
SALTEA,Some description,6,£13.50
SALTEA,Some description,6,£13.50
SALTEA,Some description,6,£13.50
SALTEA,Some description,6,£13.50
SALTEA,Some description,6,£13.50
SALTEA,Some description,6,£13.50
SALTEA,Some description,6,£13.50
SALTEA,Some description,6,£13.50
SALTEA,Some description,6,£13.50
SALTEA,Some description,6,£13.50
SALTEA,Some description,6,£13.50
SALTEA,Some description,6,£13.50
SALTEA,Some description,6,£13.50
SALTEA,Some description,6,£13.50
SALTEA,Some description,6,£13.50
SALTEA,Some description,6,£13.50
SALTEA,Some description,6,£13.50
SALTEA,Some description,6,£13.50
SALTEA,Some description,6,£13.50
SALTEA,Some description,6,£13.50
SALTEA,Some description,6,£13.50
SALTEA,Some description,6,£13.50
SALTEA,Some description,6,£13.50
SALTEA,Some description,6,£13.50
SALTEA,Some description,6,£13.50
SALTEA,Some description,6,£13.50
SALTEA,Some description,6,£13.50
SALTEA,Some description,6,£13.50
SALTEA,Some description,6,£13.50
SALTEA,Some description,6,£13.50
SALTEA,Some description,6,£13.50
SALTEA,Some description,6,£13.50
SALTEA,Some description,6,£13.50
SALTEA,Some description,6,£13.50
SALTEA,Some description,6,£13.50
SALTEA,Some description,6,£13.50
SALTEA,Some description,6,£13.50
SALTEA,Some description,6,£13.50
SALTEA,Some description,6,£13.50
SALTEA,Some description,6,£13.50
SALTEA,Some description,6,£13.50
SALTEA,Some description,6,£13.50
SALTEA,Some description,6,£13.50
SALTEA,Some description,6,£13.50
SALTEA,Some description,6,£13.50
SALTEA,Some description,6,£13.50
SALTEA,Some description,6,£13.50
SALTEA,Some description,6,£13.50
SALTEA,Some description,6,£13.50
SALTEA,Some description,6,£13.50
SALTEA,Some description,6,£13.50
SALTEA,Some description,6,£13.50
SALTEA,Some description,6,£13.50
SALTEA,Some description,6,£13.50
SALTEA,Some description,6,£13.50
SALTEA,Some description,6,£13.50
SALTEA,Some description,6,£13.50
SALTEA,Some description,6,£13.50
SALTEA,Some description,6,£13.50
SALTEA,Some description,6,£13.50
SALTEA,Some description,6,£13.50
SALTEA,Some description,6,£13.50
SALTEA,Some description,6,£13.50
SALTEA,Some description,6,£13.50
SALTEA,Some description,6,£13.50
SALTEA,Some description,6,£13.50
SALTEA,Some description,6,£13.50
SALTEA,Some description,6,£13.50
SALTEA,Some description,6,£13.50
SALTEA,Some description,6,£13.50
SALTEA,Some description,6,£13.50
SALTEA,Some description,6,£13.50
SALTEA,Some description,6,£13.50
SALTEA,Some description,6,£13.50
SALTEA,Some description,6,£13.50
SALTEA,Some description,6,£13.50
SALTEA,Some description,6,£13.50
SALTEA,Some description,6,£13.50
SALTEA,Some description,6,£13.50
SALTEA,Some description,6,£13.50
SALTEA,Some description,6,£13.50
SALTEA,Some description,6,£13.50
SALTEA,Some description,6,£13.50
SALTEA,Some description,6,£13.50
SALTEA,Some description,6,£13.50
SALTEA,Some description,6,£13.50
SALTEA,Some description,6,£13.50
SALTEA,Some description,6,£13.50
SALTEA,Some description,6,£13.50
SALTEA,Some description,6,£13.50
SALTEA,Some description,6,£13.50
SALTEA,Some description,6,£13.50
SALTEA,Some description,6,£13.50
SALTEA,Some description,6,£13.50
SALTEA,Some description,6,£13.50
SALTEA,Some description,6,£13.50
SALTEA,Some description,6,£13.50
SALTEA,Some description,6,£13.50
SALTEA,Some description,6,£13.50
SALTEA,Some description,6,£13.50
SALTEA,Some description,6,£13.50
SALTEA,Some description,6,£13.50
SALTEA,Some description,6,£13.50
SALTEA,Some description,6,£13.50
SALTEA,Some description,6,£13.50
SALTEA,Some description,6,£13.50
SALTEA,Some description,6,£13.50
SALTEA,Some description,6,£13.50
SALTEA,Some description,6,£13.50
SALTEA,Some description,6,£13.50
SALTEA,Some description,6,£13.50
SALTEA,Some description,6,£13.50
SALTEA,Some description,6,£13.50
SALTEA,Some description,6,£13.50
SALTEA,Some description,6,£13.50
SALTEA,Some description,6,£13.50
SALTEA,Some description,6,£13.50
SALTEA,Some description,6,£13.50
SALTEA,Some description,6,£13.50
SALTEA,Some description,6,£13.50
SALTEA,Some description,6,£13.50
SALTEA,Some description,6,£13.50
SALTEA,Some description,6,£13.50
SALTEA,Some description,6,£13.50
SALTEA,Some description,6,£13.50
SALTEA,Some description,6,£13.50
SALTEA,Some description,6,£13.50
SALTEA,Some description,6,£13.50
SALTEA,Some description,6,£13.50
SALTEA,Some description,6,£13.50
SALTEA,Some description,6,£13.50
SALTEA,Some description,6,£13.50
SALTEA,Some description,6,£13.50
SALTEA,Some description,6,£13.50
SALTEA,Some description,6,£13.50
SALTEA,Some description,6,£13.50
SALTEA,Some description,6,£13.50
SALTEA,Some description,6,£13.50
SALTEA,Some description,6,£13.50
SALTEA,Some description,6,£13.50
SALTEA,Some description,6,£13.50
SALTEA,Some description,6,£13.50
SALTEA,Some description,6,£13.50
SALTEA,Some description,6,£13.50
SALTEA,Some description,6,£13.50
SALTEA,Some description,6,£13.50
SALTEA,Some description,6,£13.50
SALTEA,Some description,6,£13.50
SALTEA,Some description,6,£13.50
SALTEA,Some description,6,£13.50
SALTEA,Some description,6,£13.50
SALTEA,Some description,6,£13.50
SALTEA,Some description,6,£13.50
SALTEA,Some description,6,£13.50
SALTEA,Some description,6,£13.50
SALTEA,Some description,6,£13.50
SALTEA,Some description,6,£13.50
SALTEA,Some description,6,£13.50
SALTEA,Some description,6,£13.50
SALTEA,Some description,6,£13.50
SALTEA,Some description,6,£13.50
SALTEA,Some description,6,£13.50
SALTEA,Some description,6,£13.50
SALTEA,Some description,6,£13.50
SALTEA,Some description,6,£13.50
SALTEA,Some description,6,£13.50
SALTEA,Some description,6,£13.50
SALTEA,Some description,6,£13.50
SALTEA,Some description,6,£13.50
SALTEA,Some description,6,£13.50
SALTEA,Some description,6,£13.50
SALTEA,Some description,6,£13.50
SALTEA,Some description,6,£13.50
SALTEA,Some description,6,£13.50
SALTEA,Some description,6,£13.50
SALTEA,Some description,6,£13.50
SALTEA,Some description,6,£13.50
SALTEA,Some description,6,£13.50
SALTEA,Some description,6,£13.50
SALTEA,Some description,6,£13.50
SALTEA,Some description,6,£13.50
SALTEA,Some description,6,£13.50
SALTEA,Some description,6,£13.50
SALTEA,Some description,6,£13.50
SALTEA,Some description,6,£13.50
SALTEA,Some description,6,£13.50
SALTEA,Some description,6,£13.50
SALTEA,Some description,6,£13.50
SALTEA,Some description,6,£13.50
SALTEA,Some description,6,£13.50
SALTEA,Some description,6,£13.50
SALTEA,Some description,6,£13.50
SALTEA,Some description,6,£13.50
SALTEA,Some description,6,£13.50
SALTEA,Some description,6,£13.50
SALTEA,Some description,6,£13.50
SALTEA,Some description,6,£13.50
SALTEA,Some description,6,£13.50
SALTEA,Some description,6,£13.50
SALTEA,Some description,6,£13.50
SALTEA,Some description,6,£13.50
SALTEA,Some description,6,£13.50
SALTEA,Some description,6,£13.50
SALTEA,Some description,6,£13.50
SALTEA,Some description,6,£13.50
SALTEA,Some description,6,£13.50
SALTEA,Some description,6,£13.50
SALTEA,Some description,6,£13.50
SALTEA,Some description,6,£13.50
SALTEA,Some description,6,£13.50
SALTEA,Some description,6,£13.50
SALTEA,Some description,6,£13.50
SALTEA,Some description,6,£13.50
SALTEA,Some description,6,£13.50
SALTEA,Some description,6,£13.50
SALTEA,Some description,6,£13.50
SALTEA,Some description,6,£13.50
SALTEA,Some description,6,£13.50
SALTEA,Some description,6,£13.50
SALTEA,Some description,6,£13.50
SALTEA,Some description,6,£13.50
SALTEA,Some description,6,£13.50
SALTEA,Some description,6,£13.50
SALTEA,Some description,6,£13.50
SALTEA,Some description,6,£13.50
SALTEA,Some description,6,£13.50
SALTEA,Some description,6,£13.50
SALTEA,Some description,6,£13.50
SALTEA,Some description,6,£13.50
SALTEA,Some description,6,£13.50
SALTEA,Some description,6,£13.50
SALTEA,Some description,6,£13.50
SALTEA,Some description,6,£13.50
SALTEA,Some description,6,£13.50
SALTEA,Some description,6,£13.50
SALTEA,Some description,6,£13.50
SALTEA,Some description,6,£13.50
SALTEA,Some description,6,£13.50
SALTEA,Some description,6,£13.50
SALTEA,Some description,6,£13.50
SALTEA,Some description,6,£13.50
SALTEA,Some description,6,£13.50
SALTEA,Some description,6,£13.50
SALTEA,Some description,6,£13.50
SALTEA,Some description,6,£13.50
SALTEA,Some description,6,£13.50
SALTEA,Some description,6,£13.50
SALTEA,Some description,6,£13.50
SALTEA,Some description,6,£13.50
SALTEA,Some description,6,£13.50
SALTEA,Some description,6,£13.50
SALTEA,Some description,6,£13.50
SALTEA,Some description,6,£13.50
SALTEA,Some description,6,£13.50
SALTEA,Some description,6,£13.50
SALTEA,Some description,6,£13.50
SALTEA,Some description,6,£13.50
SALTEA,Some description,6,£13.50
SALTEA,Some description,6,£13.50
SALTEA,Some description,6,£13.50
SALTEA,Some description,6,£13.50
SALTEA,Some description,6,£13.50
SALTEA,Some description,6,£13.50
SALTEA,Some description,6,£13.50
SALTEA,Some description,6,£13.50
SALTEA,Some description,6,£13.50
SALTEA,Some description,6,£13.50
SALTEA,Some description,6,£13.50
SALTEA,Some description,6,£13.50
SALTEA,Some description,6,£13.50
SALTEA,Some description,6,£13.50
SALTEA,Some description,6,£13.50
SALTEA,Some description,6,£13.50
SALTEA,Some description,6,£13.50
SALTEA,Some description,6,£13.50
SALTEA,Some description,6,£13.50
SALTEA,Some description,6,£13.50
SALTEA,Some description,6,£13.50
SALTEA,Some description,6,£13.50
SALTEA,Some description,6,£13.50
SALTEA,Some description,6,£13.50
SALTEA,Some description,6,£13.50
SALTEA,Some description,6,£13.50
SALTEA,Some description,6,£13.50
SALTEA,Some description,6,£13.50
SALTEA,Some description,6,£13.50
SALTEA,Some description,6,£13.50
SALTEA,Some description,6,£13.50
SALTEA,Some description,6,£13.50
SALTEA,Some description,6,£13.50
SALTEA,Some description,6,£13.50
SALTEA,Some description,6,£13.50
SALTEA,Some description,6,£13.50
SALTEA,Some description,6,£13.50
SALTEA,Some description,6,£13.50
SALTEA,Some description,6,£13.50
SALTEA,Some description,6,£13.50
SALTEA,Some description,6,£13.50
SALTEA,Some description,6,£13.50
SALTEA,Some description,6,£13.50
SALTEA,Some description,6,£13.50
SALTEA,Some description,6,£13.50
SALTEA,Some description,6,£13.50
SALTEA,Some description,6,£13.50
SALTEA,Some description,6,£13.50
SALTEA,Some description,6,£13.50
SALTEA,Some description,6,£13.50
SALTEA,Some description,6,£13.50
SALTEA,Some description,6,£13.50
SALTEA,Some description,6,£13.50
SALTEA,Some description,6,£13.50
SALTEA,Some description,6,£13.50
SALTEA,Some description,6,£13.50
SALTEA,Some description,6,£13.50
SALTEA,Some description,6,£13.50
SALTEA,Some description,6,£13.50
SALTEA,Some description,6,£13.50
SALTEA,Some description,6,£13.50
SALTEA,Some description,6,£13.50
SALTEA,Some description,6,£13.50
SALTEA,Some description,6,£13.50
SALTEA,Some description,6,£13.50
SALTEA,Some description,6,£13.50
SALTEA,Some description,6,£13.50
SALTEA,Some description,6,£13.50
SALTEA,Some description,6,£13.50
SALTEA,Some description,6,£13.50
SALTEA,Some description,6,£13.50
SALTEA,Some description,6,£13.50
SALTEA,Some description,6,£13.50
SALTEA,Some description,6,£13.50
SALTEA,Some description,6,£13.50
SALTEA,Some description,6,£13.50
SALTEA,Some description,6,£13.50
SALTEA,Some description,6,£13.50
SALTEA,Some description,6,£13.50
SALTEA,Some description,6,£13.50
SALTEA,Some description,6,£13.50
SALTEA,Some description,6,£13.50
SALTEA,Some description,6,£13.50
SALTEA,Some description,6,£13.50
SALTEA,Some description,6,£13.50
SALTEA,Some description,6,£13.50
SALTEA,Some description,6,£13.50
SALTEA,Some description,6,£13.50
SALTEA,Some description,6,£13.50
SALTEA,Some description,6,£13.50
SALTEA,Some description,6,£13.50
SALTEA,Some description,6,£13.50
SALTEA,Some description,6,£13.50
SALTEA,Some description,6,£13.50
SALTEA,Some description,6,£13.50
SALTEA,Some description,6,£13.50
SALTEA,Some description,6,£13.50
SALTEA,Some description,6,£13.50
SALTEA,Some description,6,£13.50
SALTEA,Some description,6,£13.50
SALTEA,Some description,6,£13.50
SALTEA,Some description,6,£13.50
SALTEA,Some description,6,£13.50
SALTEA,Some description,6,£13.50
SALTEA,Some description,6,£13.50
SALTEA,Some description,6,£13.50
SALTEA,Some description,6,£13.50
SALTEA,Some description,6,£13.50
SALTEA,Some description,6,£13.50
SALTEA,Some description,6,£13.50
SALTEA,Some description,6,£13.50
SALTEA,Some description,6,£13.50
SALTEA,Some description,6,£13.50
SALTEA,Some description,6,£13.50
SALTEA,Some description,6,£13.50
SALTEA,Some description,6,£13.50
SALTEA,Some description,6,£13.50
SALTEA,Some description,6,£13.50
SALTEA,Some description,6,£13.50
SALTEA,Some description,6,£13.50
SALTEA,Some description,6,£13.50
SALTEA,Some description,6,£13.50
SALTEA,Some description,6,£13.50
SALTEA,Some description,6,£13.50
SALTEA,Some description,6,£13.50
SALTEA,Some description,6,£13.50
SALTEA,Some description,6,£13.50
SALTEA,Some description,6,£13.50
SALTEA,Some description,6,£13.50
SALTEA,Some description,6,£13.50
SALTEA,Some description,6,£13.50
SALTEA,Some description,6,£13.50
SALTEA,Some description,6,£13.50
SALTEA,Some description,6,£13.50
SALTEA,Some description,6,£13.50
SALTEA,Some description,6,£13.50
SALTEA,Some description,6,£13.50
SALTEA,Some description,6,£13.50
SALTEA,Some description,6,£13.50
SALTEA,Some description,6,£13.50
SALTEA,Some description,6,£13.50
SALTEA,Some description,6,£13.50
SALTEA,Some description,6,£13.50
SALTEA,Some description,6,£13.50
SALTEA,Some description,6,£13.50
SALTEA,Some description,6,£13.50
SALTEA,Some description,6,£13.50
SALTEA,Some description,6,£13.50
SALTEA,Some description,6,£13.50
SALTEA,Some description,6,£13.50
SALTEA,Some description,6,£13.50
SALTEA,Some description,6,£13.50
SALTEA,Some description,6,£13.50
SALTEA,Some description,6,£13.50
SALTEA,Some description,6,£13.50
SALTEA,Some description,6,£13.50
SALTEA,Some description,6,£13.50
SALTEA,Some description,6,£13.50
SALTEA,Some description,6,£13.50
SALTEA,Some description,6,£13.50
SALTEA,Some description,6,£13.50
SALTEA,Some description,6,£13.50
SALTEA,Some description,6,£13.50
SALTEA,Some description,6,£13.50
SALTEA,Some description,6,£13.50
SALTEA,Some description,6,£13.50
SALTEA,Some description,6,£13.50
SALTEA,Some description,6,£13.50
SALTEA,Some description,6,£13.50
SALTEA,Some description,6,£13.50
SALTEA,Some description,6,£13.50
SALTEA,Some description,6,£13.50
SALTEA,Some description,6,£13.50
SALTEA,Some description,6,£13.50
SALTEA,Some description,6,£13.50
SALTEA,Some description,6,£13.50
SALTEA,Some description,6,£13.50
SALTEA,Some description,6,£13.50
SALTEA,Some description,6,£13.50
SALTEA,Some description,6,£13.50
SALTEA,Some description,6,£13.50
SALTEA,Some description,6,£13.50
SALTEA,Some description,6,£13.50
SALTEA,Some description,6,£13.50
SALTEA,Some description,6,£13.50
SALTEA,Some description,6,£13.50
SALTEA,Some description,6,£13.50
SALTEA,Some description,6,£13.50
SALTEA,Some description,6,£13.50
SALTEA,Some description,6,£13.50
SALTEA,Some description,6,£13.50
SALTEA,Some description,6,£13.50
SALTEA,Some description,6,£13.50
SALTEA,Some description,6,£13.50
SALTEA,Some description,6,£13.50
SALTEA,Some description,6,£13.50
SALTEA,Some description,6,£13.50
SALTEA,Some description,6,£13.50
SALTEA,Some description,6,£13.50
SALTEA,Some description,6,£13.50
SALTEA,Some description,6,£13.50
SALTEA,Some description,6,£13.50
SALTEA,Some description,6,£13.50
SALTEA,Some description,6,£13.50
SALTEA,Some description,6,£13.50
SALTEA,Some description,6,£13.50
SALTEA,Some description,6,£13.50
SALTEA,Some description,6,£13.50
SALTEA,Some description,6,£13.50
SALTEA,Some description,6,£13.50
SALTEA,Some description,6,£13.50
SALTEA,Some description,6,£13.50
SALTEA,Some description,6,£13.50
SALTEA,Some description,6,£13.50
SALTEA,Some description,6,£13.50
SALTEA,Some description,6,£13.50
SALTEA,Some description,6,£13.50
SALTEA,Some description,6,£13.50
SALTEA,Some description,6,£13.50
SALTEA,Some description,6,£13.50
SALTEA,Some description,6,£13.50
SALTEA,Some description,6,£13.50
SALTEA,Some description,6,£13.50
SALTEA,Some description,6,£13.50
SALTEA,Some description,6,£13.50
SALTEA,Some description,6,£13.50
SALTEA,Some description,6,£13.50
SALTEA,Some description,6,£13.50
SALTEA,Some description,6,£13.50
SALTEA,Some description,6,£13.50
SALTEA,Some description,6,£13.50
SALTEA,Some description,6,£13.50
SALTEA,Some description,6,£13.50
SALTEA,Some description,6,£13.50
SALTEA,Some description,6,£13.50
SALTEA,Some description,6,£13.50
SALTEA,Some description,6,£13.50
SALTEA,Some description,6,£13.50
SALTEA,Some description,6,£13.50
SALTEA,Some description,6,£13.50
SALTEA,Some description,6,£13.50
SALTEA,Some description,6,£13.50
SALTEA,Some description,6,£13.50
SALTEA,Some description,6,£13.50
SALTEA,Some description,6,£13.50
SALTEA,Some description,6,£13.50
SALTEA,Some description,6,£13.50
SALTEA,Some description,6,£13.50
SALTEA,Some description,6,£13.50
SALTEA,Some description,6,£13.50
SALTEA,Some description,6,£13.50
SALTEA,Some description,6,£13.50
SALTEA,Some description,6,£13.50
SALTEA,Some description,6,£13.50
SALTEA,Some description,6,£13.50
SALTEA,Some description,6,£13.50
SALTEA,Some description,6,£13.50
SALTEA,Some description,6,£13.50
SALTEA,Some description,6,£13.50
SALTEA,Some description,6,£13.50
SALTEA,Some description,6,£13.50
SALTEA,Some description,6,£13.50
SALTEA,Some description,6,£13.50
SALTEA,Some description,6,£13.50
SALTEA,Some description,6,£13.50
SALTEA,Some description,6,£13.50
SALTEA,Some description,6,£13.50
SALTEA,Some description,6,£13.50
SALTEA,Some description,6,£13.50
SALTEA,Some description,6,£13.50
SALTEA,Some description,6,£13.50
SALTEA,Some description,6,£13.50
SALTEA,Some description,6,£13.50
SALTEA,Some description,6,£13.50
SALTEA,Some description,6,£13.50
SALTEA,Some description,6,£13.50
SALTEA,Some description,6,£13.50
SALTEA,Some description,6,£13.50
SALTEA,Some description,6,£13.50
SALTEA,Some description,6,£13.50
SALTEA,Some description,6,£13.50
SALTEA,Some description,6,£13.50
SALTEA,Some description,6,£13.50
SALTEA,Some description,6,£13.50
SALTEA,Some description,6,£13.50
SALTEA,Some description,6,£13.50
SALTEA,Some description,6,£13.50
SALTEA,Some description,6,£13.50
SALTEA,Some description,6,£13.50
SALTEA,Some description,6,£13.50
SALTEA,Some description,6,£13.50
SALTEA,Some description,6,£13.50
SALTEA,Some description,6,£13.50
SALTEA,Some description,6,£13.50
SALTEA,Some description,6,£13.50
SALTEA,Some description,6,£13.50
SALTEA,Some description,6,£13.50
SALTEA,Some description,6,£13.50
SALTEA,Some description,6,£13.50
SALTEA,Some description,6,£13.50
SALTEA,Some description,6,£13.50
SALTEA,Some description,6,£13.50
SALTEA,Some description,6,£13.50
SALTEA,Some description,6,£13.50
SALTEA,Some description,6,£13.50
SALTEA,Some description,6,£13.50
SALTEA,Some description,6,£13.50
SALTEA,Some description,6,£13.50
SALTEA,Some description,6,£13.50
SALTEA,Some description,6,£13.50
SALTEA,Some description,6,£13.50
SALTEA,Some description,6,£13.50
SALTEA,Some description,6,£13.50
SALTEA,Some description,6,£13.50
SALTEA,Some description,6,£13.50
SALTEA,Some description,6,£13.50
SALTEA,Some description,6,£13.50
SALTEA,Some description,6,£13.50
SALTEA,Some description,6,£13.50
SALTEA,Some description,6,£13.50
SALTEA,Some description,6,£13.50
SALTEA,Some description,6,£13.50
SALTEA,Some description,6,£13.50
SALTEA,Some description,6,£13.50
SALTEA,Some description,6,£13.50
SALTEA,Some description,6,£13.50
SALTEA,Some description,6,£13.50
SALTEA,Some description,6,£13.50
SALTEA,Some description,6,£13.50
SALTEA,Some description,6,£13.50
SALTEA,Some description,6,£13.50
SALTEA,Some description,6,£13.50
SALTEA,Some description,6,£13.50
SALTEA,Some description,6,£13.50
SALTEA,Some description,6,£13.50
SALTEA,Some description,6,£13.50
SALTEA,Some description,6,£13.50
SALTEA,Some description,6,£13.50
SALTEA,Some description,6,£13.50
SALTEA,Some description,6,£13.50
SALTEA,Some description,6,£13.50
SALTEA,Some description,6,£13.50
SALTEA,Some description,6,£13.50
SALTEA,Some description,6,£13.50
SALTEA,Some description,6,£13.50
SALTEA,Some description,6,£13.50
SALTEA,Some description,6,£13.50
SALTEA,Some description,6,£13.50
SALTEA,Some description,6,£13.50
SALTEA,Some description,6,£13.50
SALTEA,Some description,6,£13.50
SALTEA,Some description,6,£13.50
SALTEA,Some description,6,£13.50
SALTEA,Some description,6,£13.50
SALTEA,Some description,6,£13.50
SALTEA,Some description,6,£13.50
SALTEA,Some description,6,£13.50
SALTEA,Some description,6,£13.50
SALTEA,Some description,6,£13.50
SALTEA,Some description,6,£13.50
SALTEA,Some description,6,£13.50
SALTEA,Some description,6,£13.50
SALTEA,Some description,6,£13.50
SALTEA,Some description,6,£13.50
SALTEA,Some description,6,£13.50
SALTEA,Some description,6,£13.50
SALTEA,Some description,6,£13.50
SALTEA,Some description,6,£13.50
SALTEA,Some description,6,£13.50
SALTEA,Some description,6,£13.50
SALTEA,Some description,6,£13.50
SALTEA,Some description,6,£13.50
SALTEA,Some description,6,£13.50
SALTEA,Some description,6,£13.50
SALTEA,Some description,6,£13.50
SALTEA,Some description,6,£13.50
SALTEA,Some description,6,£13.50
SALTEA,Some description,6,£13.50
SALTEA,Some description,6,£13.50
SALTEA,Some description,6,£13.50
SALTEA,Some description,6,£13.50
SALTEA,Some description,6,£13.50
SALTEA,Some description,6,£13.50
SALTEA,Some description,6,£13.50
SALTEA,Some description,6,£13.50
SALTEA,Some description,6,£13.50
SALTEA,Some description,6,£13.50
SALTEA,Some description,6,£13.50
SALTEA,Some description,6,£13.50
SALTEA,Some description,6,£13.50
SALTEA,Some description,6,£13.50
SALTEA,Some description,6,£13.50
SALTEA,Some description,6,£13.50
SALTEA,Some description,6,£13.50
SALTEA,Some description,6,£13.50
SALTEA,Some description,6,£13.50
SALTEA,Some description,6,£13.50
SALTEA,Some description,6,£13.50
SALTEA,Some description,6,£13.50
SALTEA,Some description,6,£13.50
SALTEA,Some description,6,£13.50
SALTEA,Some description,6,£13.50
SALTEA,Some description,6,£13.50
SALTEA,Some description,6,£13.50
SALTEA,Some description,6,£13.50
SALTEA,Some description,6,£13.50
SALTEA,Some description,6,£13.50
SALTEA,Some description,6,£13.50
SALTEA,Some description,6,£13.50
SALTEA,Some description,6,£13.50
SALTEA,Some description,6,£13.50
SALTEA,Some description,6,£13.50
SALTEA,Some description,6,£13.50
SALTEA,Some description,6,£13.50
SALTEA,Some description,6,£13.50
SALTEA,Some description,6,£13.50
SALTEA,Some description,6,£13.50
SALTEA,Some description,6,£13.50
SALTEA,Some description,6,£13.50
SALTEA,Some description,6,£13.50
SALTEA,Some description,6,£13.50
SALTEA,Some description,6,£13.50
SALTEA,Some description,6,£13.50
SALTEA,Some description,6,£13.50
SALTEA,Some description,6,£13.50
SALTEA,Some description,6,£13.50
SALTEA,Some description,6,£13.50
SALTEA,Some description,6,£13.50
SALTEA,Some description,6,£13.50
SALTEA,Some description,6,£13.50
SALTEA,Some description,6,£13.50
SALTEA,Some description,6,£13.50
SALTEA,Some description,6,£13.50
SALTEA,Some description,6,£13.50
SALTEA,Some description,6,£13.50
SALTEA,Some description,6,£13.50
SALTEA,Some description,6,£13.50
SALTEA,Some description,6,£13.50
SALTEA,Some description,6,£13.50
SALTEA,Some description,6,£13.50
SALTEA,Some description,6,£13.50
SALTEA,Some description,6,£13.50
SALTEA,Some description,6,£13.50
SALTEA,Some description,6,£13.50
SALTEA,Some description,6,£13.50
SALTEA,Some description,6,£13.50
SALTEA,Some description,6,£13.50
SALTEA,Some description,6,£13.50
SALTEA,Some description,6,£13.50
SALTEA,Some description,6,£13.50
SALTEA,Some description,6,£13.50
SALTEA,Some description,6,£13.50
SALTEA,Some description,6,£13.50
SALTEA,Some description,6,£13.50
SALTEA,Some description,6,£13.50
SALTEA,Some description,6,£13.50
SALTEA,Some description,6,£13.50
SALTEA,Some description,6,£13.50
SALTEA,Some description,6,£13.50
SALTEA,Some description,6,£13.50
SALTEA,Some description,6,£13.50
SALTEA,Some description,6,£13.50
SALTEA,Some description,6,£13.50
SALTEA,Some description,6,£13.50
SALTEA,Some description,6,£13.50
SALTEA,Some description,6,£13.50
SALTEA,Some description,6,£13.50
SALTEA,Some description,6,£13.50
SALTEA,Some description,6,£13.50
SALTEA,Some description,6,£13.50
SALTEA,Some description,6,£13.50
SALTEA,Some description,6,£13.50
SALTEA,Some description,6,£13.50
SALTEA,Some description,6,£13.50
SALTEA,Some description,6,£13.50
SALTEA,Some description,6,£13.50
SALTEA,Some description,6,£13.50
SALTEA,Some description,6,£13.50
SALTEA,Some description,6,£13.50
SALTEA,Some description,6,£13.50
SALTEA,Some description,6,£13.50
SALTEA,Some description,6,£13.50
SALTEA,Some description,6,£13.50
SALTEA,Some description,6,£13.50
SALTEA,Some description,6,£13.50
SALTEA,Some description,6,£13.50
SALTEA,Some description,6,£13.50
SALTEA,Some description,6,£13.50
SALTEA,Some description,6,£13.50
SALTEA,Some description,6,£13.50
SALTEA,Some description,6,£13.50
SALTEA,Some description,6,£13.50
SALTEA,Some description,6,£13.50
SALTEA,Some description,6,£13.50
SALTEA,Some description,6,£13.50
SALTEA,Some description,6,£13.50
SALTEA,Some description,6,£13.50
SALTEA,Some description,6,£13.50
SALTEA,Some description,6,£13.50
SALTEA,Some description,6,£13.50
SALTEA,Some description,6,£13.50
SALTEA,Some description,6,£13.50
SALTEA,Some description,6,£13.50
SALTEA,Some description,6,£13.50
SALTEA,Some description,6,£13.50
SALTEA,Some description,6,£13.50
SALTEA,Some description,6,£13.50
SALTEA,Some description,6,£13.50
SALTEA,Some description,6,£13.50
SALTEA,Some description,6,£13.50
SALTEA,Some description,6,£13.50
SALTEA,Some description,6,£13.50
SALTEA,Some description,6,£13.50
SALTEA,Some description,6,£13.50
SALTEA,Some description,6,£13.50
SALTEA,Some description,6,£13.50
SALTEA,Some description,6,£13.50
SALTEA,Some description,6,£13.50
SALTEA,Some description,6,£13.50
SALTEA,Some description,6,£13.50
SALTEA,Some description,6,£13.50
SALTEA,Some description,6,£13.50
SALTEA,Some description,6,£13.50
SALTEA,Some description,6,£13.50
SALTEA,Some description,6,£13.50
SALTEA,Some description,6,£13.50
SALTEA,Some description,6,£13.50
SALTEA,Some description,6,£13.50
SALTEA,Some description,6,£13.50
SALTEA,Some description,6,£13.50
SALTEA,Some description,6,£13.50
SALTEA,Some description,6,£13.50
SALTEA,Some description,6,£13.50
SALTEA,Some description,6,£13.50
SALTEA,Some description,6,£13.50
SALTEA,Some description,6,£13.50
SALTEA,Some description,6,£13.50
SALTEA,Some description,6,£13.50
SALTEA,Some description,6,£13.50
SALTEA,Some description,6,£13.50
SALTEA,Some description,6,£13.50
SALTEA,Some description,6,£13.50
SALTEA,Some description,6,£13.50
SALTEA,Some description,6,£13.50
SALTEA,Some description,6,£13.50
SALTEA,Some description,6,£13.50
SALTEA,Some description,6,£13.50
SALTEA,Some description,6,£13.50
SALTEA,Some description,6,£13.50
SALTEA,Some description,6,£13.50
SALTEA,Some description,6,£13.50
SALTEA,Some description,6,£13.50
SALTEA,Some description,6,£13.50
SALTEA,Some description,6,£13.50
SALTEA,Some description,6,£13.50
SALTEA,Some description,6,£13.50
SALTEA,Some description,6,£13.50
SALTEA,Some description,6,£13.50
SALTEA,Some description,6,£13.50
SALTEA,Some description,6,£13.50
SALTEA,Some description,6,£13.50
SALTEA,Some description,6,£13.50
SALTEA,Some description,6,£13.50
SALTEA,Some description,6,£13.50
SALTEA,Some description,6,£13.50
SALTEA,Some description,6,£13.50
SALTEA,Some description,6,£13.50
SALTEA,Some description,6,£13.50
SALTEA,Some description,6,£13.50
SALTEA,Some description,6,£13.50
SALTEA,Some description,6,£13.50
SALTEA,Some description,6,£13.50
SALTEA,Some description,6,£13.50
SALTEA,Some description,6,£13.50
SALTEA,Some description,6,£13.50
SALTEA,Some description,6,£13.50
SALTEA,Some description,6,£13.50
SALTEA,Some description,6,£13.50
SALTEA,Some description,6,£13.50
SALTEA,Some description,6,£13.50
SALTEA,Some description,6,£13.50
SALTEA,Some description,6,£13.50
SALTEA,Some description,6,£13.50
SALTEA,Some description,6,£13.50
SALTEA,Some description,6,£13.50
SALTEA,Some description,6,£13.50
SALTEA,Some description,6,£13.50
SALTEA,Some description,6,£13.50
SALTEA,Some description,6,£13.50
SALTEA,Some description,6,£13.50
SALTEA,Some description,6,£13.50
SALTEA,Some description,6,£13.50
SALTEA,Some description,6,£13.50
SALTEA,Some description,6,£13.50
SALTEA,Some description,6,£13.50
SALTEA,Some description,6,£13.50
SALTEA,Some description,6,£13.50
SALTEA,Some description,6,£13.50
SALTEA,Some description,6,£13.50
SALTEA,Some description,6,£13.50
SALTEA,Some description,6,£13.50
SALTEA,Some description,6,£13.50
SALTEA,Some description,6,£13.50
SALTEA,Some description,6,£13.50
SALTEA,Some description,6,£13.50
SALTEA,Some description,6,£13.50
SALTEA,Some description,6,£13.50
SALTEA,Some description,6,£13.50
SALTEA,Some description,6,£13.50
SALTEA,Some description,6,£13.50
SALTEA,Some description,6,£13.50
SALTEA,Some description,6,£13.50
SALTEA,Some description,6,£13.50
SALTEA,Some description,6,£13.50
SALTEA,Some description,6,£13.50
SALTEA,Some description,6,£13.50
SALTEA,Some description,6,£13.50
SALTEA,Some description,6,£13.50
SALTEA,Some description,6,£13.50
SALTEA,Some description,6,£13.50
SALTEA,Some description,6,£13.50
SALTEA,Some description,6,£13.50
SALTEA,Some description,6,£13.50
SALTEA,Some description,6,£13.50
SALTEA,Some description,6,£13.50
SALTEA,Some description,6,£13.50
SALTEA,Some description,6,£13.50
SALTEA,Some description,6,£13.50
SALTEA,Some description,6,£13.50
SALTEA,Some description,6,£13.50
SALTEA,Some description,6,£13.50
SALTEA,Some description,6,£13.50
SALTEA,Some description,6,£13.50
SALTEA,Some description,6,£13.50
SALTEA,Some description,6,£13.50
SALTEA,Some description,6,£13.50
SALTEA,Some description,6,£13.50
SALTEA,Some description,6,£13.50
SALTEA,Some description,6,£13.50
SALTEA,Some description,6,£13.50
SALTEA,Some description,6,£13.50
SALTEA,Some description,6,£13.50
SALTEA,Some description,6,£13.50
SALTEA,Some description,6,£13.50
SALTEA,Some description,6,£13.50
SALTEA,Some description,6,£13.50
SALTEA,Some description,6,£13.50
SALTEA,Some description,6,£13.50
SALTEA,Some description,6,£13.50
SALTEA,Some description,6,£13.50
SALTEA,Some description,6,£13.50
SALTEA,Some description,6,£13.50
SALTEA,Some description,6,£13.50
SALTEA,Some description,6,£13.50
SALTEA,Some description,6,£13.50
SALTEA,Some description,6,£13.50
SALTEA,Some description,6,£13.50
SALTEA,Some description,6,£13.50
SALTEA,Some description,6,£13.50
SALTEA,Some description,6,£13.50
SALTEA,Some description,6,£13.50
SALTEA,Some description,6,£13.50
SALTEA,Some description,6,£13.50
SALTEA,Some description,6,£13.50
SALTEA,Some description,6,£13.50
SALTEA,Some description,6,£13.50
SALTEA,Some description,6,£13.50
SALTEA,Some description,6,£13.50
SALTEA,Some description,6,£13.50
SALTEA,Some description,6,£13.50
SALTEA,Some description,6,£13.50
SALTEA,Some description,6,£13.50
SALTEA,Some description,6,£13.50
SALTEA,Some description,6,£13.50
SALTEA,Some description,6,£13.50
SALTEA,Some description,6,£13.50
SALTEA,Some description,6,£13.50
SALTEA,Some description,6,£13.50
SALTEA,Some description,6,£13.50
SALTEA,Some description,6,£13.50
SALTEA,Some description,6,£13.50
SALTEA,Some description,6,£13.50
SALTEA,Some description,6,£13.50
SALTEA,Some description,6,£13.50
SALTEA,Some description,6,£13.50
SALTEA,Some description,6,£13.50
SALTEA,Some description,6,£13.50
SALTEA,Some description,6,£13.50
SALTEA,Some description,6,£13.50
SALTEA,Some description,6,£13.50
SALTEA,Some description,6,£13.50
SALTEA,Some description,6,£13.50
SALTEA,Some description,6,£13.50
SALTEA,Some description,6,£13.50
SALTEA,Some description,6,£13.50
SALTEA,Some description,6,£13.50
SALTEA,Some description,6,£13.50
SALTEA,Some description,6,£13.50
SALTEA,Some description,6,£13.50
SALTEA,Some description,6,£13.50
SALTEA,Some description,6,£13.50
SALTEA,Some description,6,£13.50
SALTEA,Some description,6,£13.50
SALTEA,Some description,6,£13.50
SALTEA,Some description,6,£13.50
SALTEA,Some description,6,£13.50
SALTEA,Some description,6,£13.50
SALTEA,Some description,6,£13.50
SALTEA,Some description,6,£13.50
SALTEA,Some description,6,£13.50
SALTEA,Some description,6,£13.50
SALTEA,Some description,6,£13.50
SALTEA,Some description,6,£13.50
SALTEA,Some description,6,£13.50
SALTEA,Some description,6,£13.50
SALTEA,Some description,6,£13.50
SALTEA,Some description,6,£13.50
SALTEA,Some description,6,£13.50
SALTEA,Some description,6,£13.50
SALTEA,Some description,6,£13.50
SALTEA,Some description,6,£13.50
SALTEA,Some description,6,£13.50
SALTEA,Some description,6,£13.50
SALTEA,Some description,6,£13.50
SALTEA,Some description,6,£13.50
SALTEA,Some description,6,£13.50
SALTEA,Some description,6,£13.50
SALTEA,Some description,6,£13.50
SALTEA,Some description,6,£13.50
SALTEA,Some description,6,£13.50
SALTEA,Some description,6,£13.50
SALTEA,Some description,6,£13.50
SALTEA,Some description,6,£13.50
SALTEA,Some description,6,£13.50
SALTEA,Some description,6,£13.50
SALTEA,Some description,6,£13.50
SALTEA,Some description,6,£13.50
SALTEA,Some description,6,£13.50
SALTEA,Some description,6,£13.50
SALTEA,Some description,6,£13.50
SALTEA,Some description,6,£13.50
SALTEA,Some description,6,£13.50
SALTEA,Some description,6,£13.50
SALTEA,Some description,6,£13.50
SALTEA,Some description,6,£13.50
SALTEA,Some description,6,£13.50
SALTEA,Some description,6,£13.50
SALTEA,Some description,6,£13.50
SALTEA,Some description,6,£13.50
SALTEA,Some description,6,£13.50
SALTEA,Some description,6,£13.50
SALTEA,Some description,6,£13.50
SALTEA,Some description,6,£13.50
SALTEA,Some description,6,£13.50
SALTEA,Some description,6,£13.50
SALTEA,Some description,6,£13.50
SALTEA,Some description,6,£13.50
SALTEA,Some description,6,£13.50
SALTEA,Some description,6,£13.50
SALTEA,Some description,6,£13.50
SALTEA,Some description,6,£13.50
SALTEA,Some description,6,£13.50
SALTEA,Some description,6,£13.50
SALTEA,Some description,6,£13.50
SALTEA,Some description,6,£13.50
SALTEA,Some description,6,£13.50
SALTEA,Some description,6,£13.50
SALTEA,Some description,6,£13.50
SALTEA,Some description,6,£13.50
SALTEA,Some description,6,£13.50
SALTEA,Some description,6,£13.50
SALTEA,Some description,6,£13.50
SALTEA,Some description,6,£13.50
SALTEA,Some description,6,£13.50
SALTEA,Some description,6,£13.50
SALTEA,Some description,6,£13.50
SALTEA,Some description,6,£13.50
SALTEA,Some description,6,£13.50
SALTEA,Some description,6,£13.50
SALTEA,Some description,6,£13.50
SALTEA,Some description,6,£13.50
SALTEA,Some description,6,£13.50
SALTEA,Some description,6,£13.50
SALTEA,Some description,6,£13.50
SALTEA,Some description,6,£13.50
SALTEA,Some description,6,£13.50
SALTEA,Some description,6,£13.50
SALTEA,Some description,6,£13.50
SALTEA,Some description,6,£13.50
SALTEA,Some description,6,£13.50
SALTEA,Some description,6,£13.50
SALTEA,Some description,6,£13.50
SALTEA,Some description,6,£13.50
SALTEA,Some description,6,£13.50
SALTEA,Some description,6,£13.50
SALTEA,Some description,6,£13.50
SALTEA,Some description,6,£13.50
SALTEA,Some description,6,£13.50
SALTEA,Some description,6,£13.50
SALTEA,Some description,6,£13.50
SALTEA,Some description,6,£13.50
SALTEA,Some description,6,£13.50
SALTEA,Some description,6,£13.50
SALTEA,Some description,6,£13.50
SALTEA,Some description,6,£13.50
SALTEA,Some description,6,£13.50
SALTEA,Some description,6,£13.50
SALTEA,Some description,6,£13.50
SALTEA,Some description,6,£13.50
SALTEA,Some description,6,£13.50
SALTEA,Some description,6,£13.50
SALTEA,Some description,6,£13.50
SALTEA,Some description,6,£13.50
SALTEA,Some description,6,£13.50
SALTEA,Some description,6,£13.50
SALTEA,Some description,6,£13.50
SALTEA,Some description,6,£13.50
SALTEA,Some description,6,£13.50
SALTEA,Some description,6,£13.50
SALTEA,Some description,6,£13.50
SALTEA,Some description,6,£13.50
SALTEA,Some description,6,£13.50
SALTEA,Some description,6,£13.50
SALTEA,Some description,6,£13.50
SALTEA,Some description,6,£13.50
SALTEA,Some description,6,£13.50
SALTEA,Some description,6,£13.50
SALTEA,Some description,6,£13.50
SALTEA,Some description,6,£13.50
SALTEA,Some description,6,£13.50
SALTEA,Some description,6,£13.50
SALTEA,Some description,6,£13.50
SALTEA,Some description,6,£13.50
SALTEA,Some description,6,£13.50
SALTEA,Some description,6,£13.50
SALTEA,Some description,6,£13.50
SALTEA,Some description,6,£13.50
SALTEA,Some description,6,£13.50
SALTEA,Some description,6,£13.50
SALTEA,Some description,6,£13.50
SALTEA,Some description,6,£13.50
SALTEA,Some description,6,£13.50
SALTEA,Some description,6,£13.50
SALTEA,Some description,6,£13.50
SALTEA,Some description,6,£13.50
SALTEA,Some description,6,£13.50
SALTEA,Some description,6,£13.50
SALTEA,Some description,6,£13.50
SALTEA,Some description,6,£13.50
SALTEA,Some description,6,£13.50
SALTEA,Some description,6,£13.50
SALTEA,Some description,6,£13.50
SALTEA,Some description,6,£13.50
SALTEA,Some description,6,£13.50
SALTEA,Some description,6,£13.50
SALTEA,Some description,6,£13.50
SALTEA,Some description,6,£13.50
SALTEA,Some description,6,£13.50
SALTEA,Some description,6,£13.50
SALTEA,Some description,6,£13.50
SALTEA,Some description,6,£13.50
SALTEA,Some description,6,£13.50
SALTEA,Some description,6,£13.50
SALTEA,Some description,6,£13.50
SALTEA,Some description,6,£13.50
SALTEA,Some description,6,£13.50
SALTEA,Some description,6,£13.50
SALTEA,Some description,6,£13.50
SALTEA,Some description,6,£13.50
SALTEA,Some description,6,£13.50
SALTEA,Some description,6,£13.50
SALTEA,Some description,6,£13.50
SALTEA,Some description,6,£13.50
SALTEA,Some description,6,£13.50
SALTEA,Some description,6,£13.50
SALTEA,Some description,6,£13.50
SALTEA,Some description,6,£13.50
SALTEA,Some description,6,£13.50
SALTEA,Some description,6,£13.50
SALTEA,Some description,6,£13.50
SALTEA,Some description,6,£13.50
SALTEA,Some description,6,£13.50
SALTEA,Some description,6,£13.50
SALTEA,Some description,6,£13.50
SALTEA,Some description,6,£13.50
SALTEA,Some description,6,£13.50
SALTEA,Some description,6,£13.50
SALTEA,Some description,6,£13.50
SALTEA,Some description,6,£13.50
SALTEA,Some description,6,£13.50
SALTEA,Some description,6,£13.50
SALTEA,Some description,6,£13.50
SALTEA,Some description,6,£13.50
SALTEA,Some description,6,£13.50
SALTEA,Some description,6,£13.50
SALTEA,Some description,6,£13.50
SALTEA,Some description,6,£13.50
SALTEA,Some description,6,£13.50
SALTEA,Some description,6,£13.50
SALTEA,Some description,6,£13.50
SALTEA,Some description,6,£13.50
SALTEA,Some description,6,£13.50
SALTEA,Some description,6,£13.50
SALTEA,Some description,6,£13.50
SALTEA,Some description,6,£13.50
SALTEA,Some description,6,£13.50
SALTEA,Some description,6,£13.50
SALTEA,Some description,6,£13.50
SALTEA,Some description,6,£13.50
SALTEA,Some description,6,£13.50
SALTEA,Some description,6,£13.50
SALTEA,Some description,6,£13.50
SALTEA,Some description,6,£13.50
SALTEA,Some description,6,£13.50
SALTEA,Some description,6,£13.50
SALTEA,Some description,6,£13.50
SALTEA,Some description,6,£13.50
SALTEA,Some description,6,£13.50
SALTEA,Some description,6,£13.50
SALTEA,Some description,6,£13.50
SALTEA,Some description,6,£13.50
SALTEA,Some description,6,£13.50
SALTEA,Some description,6,£13.50
SALTEA,Some description,6,£13.50
SALTEA,Some description,6,£13.50
SALTEA,Some description,6,£13.50
SALTEA,Some description,6,£13.50
SALTEA,Some description,6,£13.50
SALTEA,Some description,6,£13.50
SALTEA,Some description,6,£13.50
SALTEA,Some description,6,£13.50
SALTEA,Some description,6,£13.50
SALTEA,Some description,6,£13.50
SALTEA,Some description,6,£13.50
SALTEA,Some description,6,£13.50
SALTEA,Some description,6,£13.50
SALTEA,Some description,6,£13.50
SALTEA,Some description,6,£13.50
SALTEA,Some description,6,£13.50
SALTEA,Some description,6,£13.50
SALTEA,Some description,6,£13.50
SALTEA,Some description,6,£13.50
SALTEA,Some description,6,£13.50
SALTEA,Some description,6,£13.50
SALTEA,Some description,6,£13.50
SALTEA,Some description,6,£13.50
SALTEA,Some description,6,£13.50
SALTEA,Some description,6,£13.50
SALTEA,Some description,6,£13.50
SALTEA,Some description,6,£13.50
SALTEA,Some description,6,£13.50
SALTEA,Some description,6,£13.50
SALTEA,Some description,6,£13.50
SALTEA,Some description,6,£13.50
SALTEA,Some description,6,£13.50
SALTEA,Some description,6,£13.50
SALTEA,Some description,6,£13.50
SALTEA,Some description,6,£13.50
SALTEA,Some description,6,£13.50
SALTEA,Some description,6,£13.50
SALTEA,Some description,6,£13.50
SALTEA,Some description,6,£13.50
SALTEA,Some description,6,£13.50
SALTEA,Some description,6,£13.50
SALTEA,Some description,6,£13.50
SALTEA,Some description,6,£13.50
SALTEA,Some description,6,£13.50
SALTEA,Some description,6,£13.50
SALTEA,Some description,6,£13.50
SALTEA,Some description,6,£13.50
SALTEA,Some description,6,£13.50
SALTEA,Some description,6,£13.50
SALTEA,Some description,6,£13.50
SALTEA,Some description,6,£13.50
SALTEA,Some description,6,£13.50
SALTEA,Some description,6,£13.50
SALTEA,Some description,6,£13.50
SALTEA,Some description,6,£13.50
SALTEA,Some description,6,£13.50
SALTEA,Some description,6,£13.50
SALTEA,Some description,6,£13.50
SALTEA,Some description,6,£13.50
SALTEA,Some description,6,£13.50
SALTEA,Some description,6,£13.50
SALTEA,Some description,6,£13.50
SALTEA,Some description,6,£13.50
SALTEA,Some description,6,£13.50
SALTEA,Some description,6,£13.50
SALTEA,Some description,6,£13.50
SALTEA,Some description,6,£13.50
SALTEA,Some description,6,£13.50
SALTEA,Some description,6,£13.50
SALTEA,Some description,6,£13.50
SALTEA,Some description,6,£13.50
SALTEA,Some description,6,£13.50
SALTEA,Some description,6,£13.50
SALTEA,Some description,6,£13.50
SALTEA,Some description,6,£13.50
SALTEA,Some description,6,£13.50
SALTEA,Some description,6,£13.50
SALTEA,Some description,6,£13.50
SALTEA,Some description,6,£13.50
SALTEA,Some description,6,£13.50
SALTEA,Some description,6,£13.50
SALTEA,Some description,6,£13.50
SALTEA,Some description,6,£13.50
SALTEA,Some description,6,£13.50
SALTEA,Some description,6,£13.50
SALTEA,Some description,6,£13.50
SALTEA,Some description,6,£13.50
SALTEA,Some description,6,£13.50
SALTEA,Some description,6,£13.50
SALTEA,Some description,6,£13.50
SALTEA,Some description,6,£13.50
SALTEA,Some description,6,£13.50
SALTEA,Some description,6,£13.50
SALTEA,Some description,6,£13.50
SALTEA,Some description,6,£13.50
SALTEA,Some description,6,£13.50
SALTEA,Some description,6,£13.50
SALTEA,Some description,6,£13.50
SALTEA,Some description,6,£13.50
SALTEA,Some description,6,£13.50
SALTEA,Some description,6,£13.50
SALTEA,Some description,6,£13.50
SALTEA,Some description,6,£13.50
SALTEA,Some description,6,£13.50
SALTEA,Some description,6,£13.50
SALTEA,Some description,6,£13.50
SALTEA,Some description,6,£13.50
SALTEA,Some description,6,£13.50
SALTEA,Some description,6,£13.50
SALTEA,Some description,6,£13.50
SALTEA,Some description,6,£13.50
SALTEA,Some description,6,£13.50
SALTEA,Some description,6,£13.50
SALTEA,Some description,6,£13.50
SALTEA,Some description,6,£13.50
SALTEA,Some description,6,£13.50
SALTEA,Some description,6,£13.50
SALTEA,Some description,6,£13.50
SALTEA,Some description,6,£13.50
SALTEA,Some description,6,£13.50
SALTEA,Some description,6,£13.50
SALTEA,Some description,6,£13.50
SALTEA,Some description,6,£13.50
SALTEA,Some description,6,£13.50
SALTEA,Some description,6,£13.50
SALTEA,Some description,6,£13.50
SALTEA,Some description,6,£13.50
SALTEA,Some description,6,£13.50
SALTEA,Some description,6,£13.50
SALTEA,Some description,6,£13.50
SALTEA,Some description,6,£13.50
SALTEA,Some description,6,£13.50
SALTEA,Some description,6,£13.50
SALTEA,Some description,6,£13.50
SALTEA,Some description,6,£13.50
SALTEA,Some description,6,£13.50
SALTEA,Some description,6,£13.50
SALTEA,Some description,6,£13.50
SALTEA,Some description,6,£13.50
SALTEA,Some description,6,£13.50
SALTEA,Some description,6,£13.50
SALTEA,Some description,6,£13.50
SALTEA,Some description,6,£13.50
SALTEA,Some description,6,£13.50
SALTEA,Some description,6,£13.50
SALTEA,Some description,6,£13.50
SALTEA,Some description,6,£13.50
SALTEA,Some description,6,£13.50
SALTEA,Some description,6,£13.50
SALTEA,Some description,6,£13.50
SALTEA,Some description,6,£13.50
SALTEA,Some description,6,£13.50
SALTEA,Some description,6,£13.50
SALTEA,Some description,6,£13.50
SALTEA,Some description,6,£13.50
SALTEA,Some description,6,£13.50
SALTEA,Some description,6,£13.50
SALTEA,Some description,6,£13.50
SALTEA,Some description,6,£13.50
SALTEA,Some description,6,£13.50
SALTEA,Some description,6,£13.50
SALTEA,Some description,6,£13.50
SALTEA,Some description,6,£13.50
SALTEA,Some description,6,£13.50
SALTEA,Some description,6,£13.50
SALTEA,Some description,6,£13.50
SALTEA,Some description,6,£13.50
SALTEA,Some description,6,£13.50
SALTEA,Some description,6,£13.50
SALTEA,Some description,6,£13.50
SALTEA,Some description,6,£13.50
SALTEA,Some description,6,£13.50
SALTEA,Some description,6,£13.50
SALTEA,Some description,6,£13.50
SALTEA,Some description,6,£13.50
SALTEA,Some description,6,£13.50
SALTEA,Some description,6,£13.50
SALTEA,Some description,6,£13.50
SALTEA,Some description,6,£13.50
SALTEA,Some description,6,£13.50
SALTEA,Some description,6,£13.50
SALTEA,Some description,6,£13.50
SALTEA,Some description,6,£13.50
SALTEA,Some description,6,£13.50
SALTEA,Some description,6,£13.50
SALTEA,Some description,6,£13.50
SALTEA,Some description,6,£13.50
SALTEA,Some description,6,£13.50
SALTEA,Some description,6,£13.50
SALTEA,Some description,6,£13.50
SALTEA,Some description,6,£13.50
SALTEA,Some description,6,£13.50
SALTEA,Some description,6,£13.50
SALTEA,Some description,6,£13.50
SALTEA,Some description,6,£13.50
SALTEA,Some description,6,£13.50
SALTEA,Some description,6,£13.50
SALTEA,Some description,6,£13.50
SALTEA,Some description,6,£13.50
SALTEA,Some description,6,£13.50
SALTEA,Some description,6,£13.50
SALTEA,Some description,6,£13.50
SALTEA,Some description,6,£13.50
SALTEA,Some description,6,£13.50
SALTEA,Some description,6,£13.50
SALTEA,Some description,6,£13.50
SALTEA,Some description,6,£13.50
SALTEA,Some description,6,£13.50
SALTEA,Some description,6,£13.50
SALTEA,Some description,6,£13.50
SALTEA,Some description,6,£13.50
SALTEA,Some description,6,£13.50
SALTEA,Some description,6,£13.50
SALTEA,Some description,6,£13.50
SALTEA,Some description,6,£13.50
SALTEA,Some description,6,£13.50
SALTEA,Some description,6,£13.50
SALTEA,Some description,6,£13.50
SALTEA,Some description,6,£13.50
SALTEA,Some description,6,£13.50
SALTEA,Some description,6,£13.50
SALTEA,Some description,6,£13.50
SALTEA,Some description,6,£13.50
SALTEA,Some description,6,£13.50
SALTEA,Some description,6,£13.50
SALTEA,Some description,6,£13.50
SALTEA,Some description,6,£13.50
SALTEA,Some description,6,£13.50
SALTEA,Some description,6,£13.50
SALTEA,Some description,6,£13.50
SALTEA,Some description,6,£13.50
SALTEA,Some description,6,£13.50
SALTEA,Some description,6,£13.50
SALTEA,Some description,6,£13.50
SALTEA,Some description,6,£13.50
SALTEA,Some description,6,£13.50
SALTEA,Some description,6,£13.50
SALTEA,Some description,6,£13.50
SALTEA,Some description,6,£13.50
SALTEA,Some description,6,£13.50
SALTEA,Some description,6,£13.50
SALTEA,Some description,6,£13.50
SALTEA,Some description,6,£13.50
SALTEA,Some description,6,£13.50
SALTEA,Some description,6,£13.50
SALTEA,Some description,6,£13.50
SALTEA,Some description,6,£13.50
SALTEA,Some description,6,£13.50
SALTEA,Some description,6,£13.50
SALTEA,Some description,6,£13.50
SALTEA,Some description,6,£13.50
SALTEA,Some description,6,£13.50
SALTEA,Some description,6,£13.50
SALTEA,Some description,6,£13.50
SALTEA,Some description,6,£13.50
SALTEA,Some description,6,£13.50
SALTEA,Some description,6,£13.50
SALTEA,Some description,6,£13.50
SALTEA,Some description,6,£13.50
SALTEA,Some description,6,£13.50
SALTEA,Some description,6,£13.50
SALTEA,Some description,6,£13.50
SALTEA,Some description,6,£13.50
SALTEA,Some description,6,£13.50
SALTEA,Some description,6,£13.50
SALTEA,Some description,6,£13.50
SALTEA,Some description,6,£13.50
SALTEA,Some description,6,£13.50
SALTEA,Some description,6,£13.50
SALTEA,Some description,6,£13.50
SALTEA,Some description,6,£13.50
SALTEA,Some description,6,£13.50
SALTEA,Some description,6,£13.50
SALTEA,Some description,6,£13.50
SALTEA,Some description,6,£13.50
SALTEA,Some description,6,£13.50
SALTEA,Some description,6,£13.50
SALTEA,Some description,6,£13.50
SALTEA,Some description,6,£13.50
SALTEA,Some description,6,£13.50
SALTEA,Some description,6,£13.50
SALTEA,Some description,6,£13.50
SALTEA,Some description,6,£13.50
SALTEA,Some description,6,£13.50
SALTEA,Some description,6,£13.50
SALTEA,Some description,6,£13.50
SALTEA,Some description,6,£13.50
SALTEA,Some description,6,£13.50
SALTEA,Some description,6,£13.50
SALTEA,Some description,6,£13.50
SALTEA,Some description,6,£13.50
SALTEA,Some description,6,£13.50
SALTEA,Some description,6,£13.50
SALTEA,Some description,6,£13.50
SALTEA,Some description,6,£13.50
SALTEA,Some description,6,£13.50
SALTEA,Some description,6,£13.50
SALTEA,Some description,6,£13.50
SALTEA,Some description,6,£13.50
SALTEA,Some description,6,£13.50
SALTEA,Some description,6,£13.50
SALTEA,Some description,6,£13.50
SALTEA,Some description,6,£13.50
SALTEA,Some description,6,£13.50
SALTEA,Some description,6,£13.50
SALTEA,Some description,6,£13.50
SALTEA,Some description,6,£13.50
SALTEA,Some description,6,£13.50
SALTEA,Some description,6,£13.50
SALTEA,Some description,6,£13.50
SALTEA,Some description,6,£13.50
SALTEA,Some description,6,£13.50
SALTEA,Some description,6,£13.50
SALTEA,Some description,6,£13.50
SALTEA,Some description,6,£13.50
SALTEA,Some description,6,£13.50
SALTEA,Some description,6,£13.50
SALTEA,Some description,6,£13.50
SALTEA,Some description,6,£13.50
SALTEA,Some description,6,£13.50
SALTEA,Some description,6,£13.50
SALTEA,Some description,6,£13.50
SALTEA,Some description,6,£13.50
SALTEA,Some description,6,£13.50
SALTEA,Some description,6,£13.50
SALTEA,Some description,6,£13.50
SALTEA,Some description,6,£13.50
SALTEA,Some description,6,£13.50
SALTEA,Some description,6,£13.50
SALTEA,Some description,6,£13.50
SALTEA,Some description,6,£13.50
SALTEA,Some description,6,£13.50
SALTEA,Some description,6,£13.50
SALTEA,Some description,6,£13.50
SALTEA,Some description,6,£13.50
SALTEA,Some description,6,£13.50
SALTEA,Some description,6,£13.50
SALTEA,Some description,6,£13.50
SALTEA,Some description,6,£13.50
SALTEA,Some description,6,£13.50
SALTEA,Some description,6,£13.50
SALTEA,Some description,6,£13.50
SALTEA,Some description,6,£13.50
SALTEA,Some description,6,£13.50
SALTEA,Some description,6,£13.50
SALTEA,Some description,6,£13.50
SALTEA,Some description,6,£13.50
SALTEA,Some description,6,£13.50
SALTEA,Some description,6,£13.50
SALTEA,Some description,6,£13.50
SALTEA,Some description,6,£13.50
SALTEA,Some description,6,£13.50
SALTEA,Some description,6,£13.50
SALTEA,Some description,6,£13.50
SALTEA,Some description,6,£13.50
SALTEA,Some description,6,£13.50
SALTEA,Some description,6,£13.50
SALTEA,Some description,6,£13.50
SALTEA,Some description,6,£13.50
SALTEA,Some description,6,£13.50
SALTEA,Some description,6,£13.50
SALTEA,Some description,6,£13.50
SALTEA,Some description,6,£13.50
SALTEA,Some description,6,£13.50
SALTEA,Some description,6,£13.50
SALTEA,Some description,6,£13.50
SALTEA,Some description,6,£13.50
SALTEA,Some description,6,£13.50
SALTEA,Some description,6,£13.50
SALTEA,Some description,6,£13.50
SALTEA,Some description,6,£13.50
SALTEA,Some description,6,£13.50
SALTEA,Some description,6,£13.50
SALTEA,Some description,6,£13.50
SALTEA,Some description,6,£13.50
SALTEA,Some description,6,£13.50
SALTEA,Some description,6,£13.50
SALTEA,Some description,6,£13.50
SALTEA,Some description,6,£13.50
SALTEA,Some description,6,£13.50
SALTEA,Some description,6,£13.50
SALTEA,Some description,6,£13.50
SALTEA,Some description,6,£13.50
SALTEA,Some description,6,£13.50
SALTEA,Some description,6,£13.50
SALTEA,Some description,6,£13.50
SALTEA,Some description,6,£13.50
SALTEA,Some description,6,£13.50
SALTEA,Some description,6,£13.50
SALTEA,Some description,6,£13.50
SALTEA,Some description,6,£13.50
SALTEA,Some description,6,£13.50
SALTEA,Some description,6,£13.50
SALTEA,Some description,6,£13.50
SALTEA,Some description,6,£13.50
SALTEA,Some description,6,£13.50
SALTEA,Some description,6,£13.50
SALTEA,Some description,6,£13.50
SALTEA,Some description,6,£13.50
SALTEA,Some description,6,£13.50
SALTEA,Some description,6,£13.50
SALTEA,Some description,6,£13.50
SALTEA,Some description,6,£13.50
SALTEA,Some description,6,£13.50
SALTEA,Some description,6,£13.50
SALTEA,Some description,6,£13.50
SALTEA,Some description,6,£13.50
SALTEA,Some description,6,£13.50
SALTEA,Some description,6,£13.50
SALTEA,Some description,6,£13.50
SALTEA,Some description,6,£13.50
SALTEA,Some description,6,£13.50
SALTEA,Some description,6,£13.50
SALTEA,Some description,6,£13.50
SALTEA,Some description,6,£13.50
SALTEA,Some description,6,£13.50
SALTEA,Some description,6,£13.50
SALTEA,Some description,6,£13.50
SALTEA,Some description,6,£13.50
SALTEA,Some description,6,£13.50
SALTEA,Some description,6,£13.50
SALTEA,Some description,6,£13.50
SALTEA,Some description,6,£13.50
SALTEA,Some description,6,£13.50
SALTEA,Some description,6,£13.50
SALTEA,Some description,6,£13.50
SALTEA,Some description,6,£13.50
SALTEA,Some description,6,£13.50
SALTEA,Some description,6,£13.50
SALTEA,Some description,6,£13.50
SALTEA,Some description,6,£13.50
SALTEA,Some description,6,£13.50
SALTEA,Some description,6,£13.50
SALTEA,Some description,6,£13.50
SALTEA,Some description,6,£13.50
SALTEA,Some description,6,£13.50
SALTEA,Some description,6,£13.50
SALTEA,Some description,6,£13.50
SALTEA,Some description,6,£13.50
SALTEA,Some description,6,£13.50
SALTEA,Some description,6,£13.50
SALTEA,Some description,6,£13.50
SALTEA,Some description,6,£13.50
SALTEA,Some description,6,£13.50
SALTEA,Some description,6,£13.50
SALTEA,Some description,6,£13.50
SALTEA,Some description,6,£13.50
SALTEA,Some description,6,£13.50
SALTEA,Some description,6,£13.50
SALTEA,Some description,6,£13.50
